Avg Acc,Avg Acc Dif,Avg Errors,Avg Error Rate,Threshold,Lower Hue,Upper Hue,Pixel Size,Processing_Method
0.995,0.028,5.333,0.213,MaxEntropy,58,113,100,Gamma
1.035,0.035,3.667,0.15,MaxEntropy,50,109,120,Gamma
1.007,0.041,3,0.121,MaxEntropy,50,109,130,Gamma
1.008,0.041,38.333,1.47,Triangle,74,113,100,Minimum
0.978,0.045,5,0.196,MaxEntropy,58,113,110,Gamma
0.954,0.046,5,0.197,MaxEntropy,58,109,100,Raw
1.022,0.047,10,0.385,Otsu,58,109,110,GMA
1.047,0.047,34,1.29,Triangle,66,109,100,Minimum
0.994,0.052,4.667,0.181,Intermodes,50,113,110,Raw
0.99,0.056,6,0.233,MaxEntropy,58,113,100,Raw
0.966,0.057,4.667,0.184,MaxEntropy,58,109,100,Gamma
0.966,0.057,5.333,0.209,Intermodes,50,109,110,Raw
0.942,0.058,4.667,0.185,MaxEntropy,58,109,110,Gamma
0.942,0.058,5.333,0.21,MaxEntropy,58,113,120,Gamma
1.059,0.059,4.333,0.173,MaxEntropy,50,109,110,Gamma
0.94,0.06,33,1.264,Triangle,66,113,120,Minimum
1.06,0.06,5,0.197,Intermodes,50,109,100,Raw
0.938,0.062,4.667,0.181,MaxEntropy,58,109,110,Raw
0.938,0.062,4.667,0.181,MaxEntropy,58,113,120,Raw
0.938,0.062,4.667,0.181,Intermodes,58,113,100,Raw
1.005,0.063,9,0.344,Moments,58,109,100,GMA
0.977,0.069,5.667,0.22,MaxEntropy,58,113,110,Raw
1.071,0.071,10.667,0.409,Moments,58,113,100,GMA
0.925,0.075,4.333,0.168,MaxEntropy,58,109,120,Raw
1.043,0.076,4,0.157,MaxEntropy,50,113,130,Gamma
0.989,0.08,9.333,0.352,Otsu,58,109,120,GMA
0.941,0.082,3.333,0.128,Intermodes,50,113,120,Raw
1.083,0.083,5,0.197,MaxEntropy,50,113,120,Gamma
0.984,0.084,4.667,0.18,Moments,58,109,130,Raw
0.914,0.086,4.667,0.181,MaxEntropy,58,113,130,Raw
1.024,0.091,5,0.196,Moments,58,109,120,Raw
1.093,0.093,6.667,0.256,Moments,50,109,130,GMA
1.095,0.095,5.333,0.21,MaxEntropy,50,113,110,Gamma
1.065,0.099,4.667,0.18,MaxEntropy,50,113,130,Raw
0.901,0.099,3.667,0.144,Intermodes,50,109,120,Raw
0.968,0.101,10,0.381,Moments,58,113,110,GMA
0.898,0.102,32,1.222,Triangle,66,109,110,Minimum
1.036,0.102,5.333,0.208,Moments,58,109,110,Raw
1.036,0.103,6,0.232,Otsu,58,109,130,Raw
1.105,0.105,11.667,0.443,Otsu,58,109,100,GMA
1.105,0.105,36,1.382,Triangle,66,113,110,Minimum
1.007,0.107,5.333,0.203,Moments,58,113,130,Raw
1.076,0.109,11.667,0.439,Otsu,58,113,120,GMA
0.889,0.111,5.333,0.206,MaxEntropy,58,113,130,Gamma
0.889,0.111,4.667,0.181,MaxEntropy,58,109,130,Raw
1.112,0.112,5.667,0.226,MaxEntropy,50,109,100,Gamma
1.047,0.114,5.667,0.219,Moments,58,113,120,Raw
0.886,0.114,4.667,0.185,Intermodes,58,109,100,Raw
0.976,0.116,11.667,0.444,Otsu,58,113,130,GMA
1.117,0.117,4.667,0.175,MaxEntropy,50,113,120,Raw
0.928,0.118,11,0.421,Moments,58,113,120,GMA
1.063,0.121,8,0.306,Otsu,58,109,120,Gamma
0.971,0.121,7,0.272,Moments,66,109,100,Raw
1.088,0.122,6,0.236,Moments,58,109,100,Raw
1.088,0.122,6.667,0.261,Moments,58,113,110,Raw
1.124,0.124,5.333,0.205,Intermodes,50,113,100,Raw
1.011,0.127,8,0.312,Moments,66,113,100,Raw
1.06,0.127,6,0.233,Otsu,58,109,120,Raw
1.128,0.128,9,0.346,Moments,58,109,100,Gamma
1.128,0.128,9,0.346,Otsu,58,109,110,Gamma
0.872,0.128,4.333,0.173,Intermodes,58,113,110,Raw
1.129,0.129,6,0.243,MaxEntropy,50,113,100,Gamma
0.939,0.13,9.333,0.352,Moments,58,109,110,GMA
1.132,0.132,13,0.495,Otsu,58,113,110,GMA
1.099,0.132,8.333,0.317,Moments,58,109,110,Gamma
1.098,0.132,9,0.341,Moments,58,113,120,Gamma
1.1,0.133,7,0.272,Otsu,58,113,120,Raw
1.134,0.134,7,0.273,Moments,50,109,120,GMA
0.865,0.135,4.667,0.182,MaxEntropy,58,109,120,Gamma
0.887,0.136,8.667,0.333,MaxEntropy,66,113,100,Gamma
1.138,0.138,7.667,0.302,Moments,50,113,130,GMA
1.046,0.138,7.667,0.289,Moments,58,109,120,Gamma
1.138,0.138,10,0.381,Otsu,58,113,120,Gamma
1.072,0.138,7,0.267,Otsu,58,113,130,Raw
1.046,0.138,9,0.347,Otsu,66,109,100,Raw
1.046,0.138,9,0.347,Otsu,66,113,100,Raw
0.907,0.139,10,0.376,Otsu,58,109,130,GMA
0.999,0.139,8.333,0.314,Moments,58,109,130,Gamma
0.861,0.139,4.667,0.185,Intermodes,50,113,130,Raw
1.142,0.142,5.333,0.2,Moments,50,109,130,Raw
1.058,0.149,8.667,0.325,Moments,58,113,130,Gamma
0.874,0.15,11,0.392,MaxEntropy,50,109,120,Raw
0.942,0.15,8.333,0.316,Otsu,66,113,120,Raw
1.01,0.151,8.667,0.325,Otsu,58,109,130,Gamma
1.01,0.151,9.333,0.36,Otsu,66,113,110,Raw
0.848,0.152,6.333,0.254,MaxEntropy,50,113,100,GMA
0.871,0.152,8.333,0.316,Otsu,66,109,120,Raw
0.847,0.153,7,0.27,MaxEntropy,66,109,100,Raw
0.847,0.153,7.667,0.294,MaxEntropy,66,113,110,Raw
0.939,0.153,16,0.607,Triangle,74,109,110,Raw
1.154,0.154,7,0.268,Moments,50,109,130,Gamma
0.842,0.158,35.333,1.353,Triangle,74,113,110,Minimum
0.841,0.159,5.333,0.206,MaxEntropy,58,109,130,Gamma
1.069,0.161,9,0.337,Otsu,58,113,130,Gamma
0.838,0.162,6,0.243,Intermodes,50,113,100,GMA
1.096,0.162,6.333,0.243,Otsu,58,109,110,Raw
0.838,0.162,5.333,0.208,Intermodes,50,109,130,Raw
0.882,0.164,8.667,0.328,Otsu,66,113,130,Raw
0.858,0.165,10,0.385,Moments,58,113,130,GMA
0.926,0.166,17.667,0.667,Otsu,66,113,100,GMA
0.908,0.166,12,0.456,Intermodes,66,113,130,Gamma
1.166,0.166,8,0.314,Otsu,58,109,100,Raw
0.858,0.167,11.333,0.409,MaxEntropy,50,109,130,Raw
0.833,0.167,4,0.167,Intermodes,58,113,120,Raw
0.97,0.168,10.333,0.389,Moments,66,109,100,Gamma
0.97,0.168,8.333,0.32,Moments,66,113,110,Raw
0.946,0.169,11,0.413,Otsu,66,109,110,Gamma
0.923,0.169,27.333,1.052,Triangle,58,109,130,Minimum
0.946,0.169,8.333,0.321,Otsu,66,109,110,Raw
0.918,0.174,7.667,0.293,MaxEntropy,66,113,100,Raw
0.87,0.176,9.667,0.363,Moments,58,109,120,GMA
1.038,0.176,15.333,0.556,MaxEntropy,50,109,100,Raw
1.176,0.176,6,0.233,MaxEntropy,50,113,110,Raw
0.824,0.176,7,0.27,Intermodes,66,113,100,Raw
0.872,0.177,11.667,0.444,Intermodes,66,109,120,Gamma
0.822,0.178,9,0.342,Moments,66,113,130,Raw
1.147,0.18,9.667,0.365,Moments,58,113,110,Gamma
0.981,0.18,11.333,0.425,Moments,66,113,110,Gamma
0.981,0.18,10.667,0.4,Otsu,66,109,100,Gamma
1.149,0.182,7.667,0.296,Moments,58,113,100,Raw
1.183,0.183,6.333,0.241,Moments,50,109,120,Raw
1.183,0.183,6.333,0.241,Moments,50,113,130,Raw
1.149,0.183,7.667,0.297,Otsu,58,113,110,Raw
1.068,0.184,11.667,0.44,Moments,66,113,100,Gamma
1.011,0.184,28.333,1.093,Triangle,58,113,130,Minimum
1.186,0.186,10.667,0.405,Otsu,58,109,100,Gamma
0.814,0.186,14.667,0.557,Triangle,74,109,120,Raw
0.813,0.187,6,0.243,MaxEntropy,50,113,110,GMA
0.813,0.187,6,0.243,Intermodes,50,113,110,GMA
1.188,0.188,8.333,0.327,Moments,50,113,120,GMA
0.812,0.188,8,0.304,MaxEntropy,66,109,100,Gamma
0.812,0.188,9.333,0.353,MaxEntropy,66,113,110,Gamma
0.837,0.188,12,0.454,Intermodes,66,109,130,Gamma
0.881,0.188,8,0.306,Moments,66,109,110,Raw
0.812,0.188,8,0.305,Moments,66,109,120,Raw
0.811,0.189,7.333,0.283,MaxEntropy,66,113,120,Raw
0.811,0.189,8.667,0.329,Otsu,66,109,130,Raw
0.809,0.191,35.333,1.343,Triangle,74,109,100,Minimum
0.809,0.191,5.333,0.214,Intermodes,58,109,110,Raw
0.808,0.192,6,0.238,MaxEntropy,50,109,100,GMA
0.897,0.195,11,0.414,Moments,66,109,110,Gamma
0.803,0.197,15.667,0.593,Moments,66,113,100,GMA
1.197,0.197,37.667,1.441,Triangle,66,113,100,Minimum
0.974,0.199,12.333,0.464,Intermodes,66,109,110,Gamma
0.893,0.199,9,0.34,Moments,66,113,120,Raw
1.076,0.2,13.667,0.522,Triangle,66,109,130,Raw
0.845,0.201,11.667,0.444,Moments,66,113,130,Gamma
0.845,0.201,11,0.42,Otsu,66,109,120,Gamma
0.799,0.201,7.667,0.294,MaxEntropy,66,109,110,Raw
0.798,0.202,15,0.564,Otsu,66,109,100,GMA
1.153,0.202,15,0.574,Triangle,66,109,120,Raw
1.004,0.203,12,0.448,Otsu,66,113,110,Gamma
0.797,0.203,5,0.202,Intermodes,58,109,120,Raw
0.797,0.203,5,0.203,Intermodes,58,113,130,Raw
0.928,0.204,12.333,0.446,MaxEntropy,50,109,110,Raw
0.795,0.205,9.667,0.369,Moments,58,109,130,GMA
0.868,0.206,17,0.644,Intermodes,74,113,110,Gamma
1.157,0.206,30,1.16,Triangle,58,113,120,Minimum
0.793,0.207,10.333,0.392,Moments,66,109,120,Gamma
1.207,0.207,7,0.264,Otsu,50,109,130,Raw
0.904,0.211,12.667,0.479,Otsu,66,113,130,Gamma
0.857,0.212,11.333,0.433,Otsu,74,113,100,Raw
0.787,0.213,8.667,0.33,Moments,66,109,130,Raw
0.785,0.215,6,0.238,Intermodes,50,109,100,GMA
0.785,0.215,6,0.238,Intermodes,50,109,110,GMA
0.981,0.217,13.333,0.504,Intermodes,66,113,120,Gamma
1.217,0.217,7,0.275,MaxEntropy,50,113,100,Raw
0.782,0.218,10.667,0.404,Otsu,66,109,130,Gamma
0.964,0.22,12.333,0.466,Otsu,66,113,120,Gamma
1.221,0.221,14,0.535,Otsu,58,113,100,GMA
0.916,0.222,12.333,0.467,Moments,66,113,120,Gamma
1.223,0.223,11.667,0.441,Moments,58,113,100,Gamma
0.776,0.224,9,0.34,MaxEntropy,66,109,110,Gamma
0.821,0.225,11.667,0.446,Moments,74,113,100,Raw
0.774,0.226,6.333,0.249,Intermodes,50,109,120,GMA
0.774,0.226,6.333,0.249,Intermodes,50,113,120,GMA
0.773,0.227,6.333,0.25,MaxEntropy,50,109,110,GMA
0.772,0.228,6.333,0.251,MaxEntropy,50,113,120,GMA
1.228,0.228,26.667,1.042,Triangle,50,109,130,Minimum
1.071,0.228,17.667,0.67,Triangle,74,109,100,Raw
0.771,0.229,10.333,0.393,MaxEntropy,66,113,120,Gamma
1.114,0.23,13,0.486,Otsu,66,113,100,Gamma
0.769,0.231,30.667,1.174,Triangle,66,109,120,Minimum
0.769,0.231,11,0.418,Otsu,74,109,100,Raw
0.768,0.232,31.333,1.198,Triangle,66,113,130,Minimum
1.234,0.234,11,0.417,Otsu,50,109,130,Gamma
1.038,0.236,27.667,1.066,Triangle,58,109,120,Minimum
0.764,0.236,8,0.305,MaxEntropy,66,109,120,Raw
0.832,0.237,13.333,0.504,Otsu,74,113,100,Gamma
0.763,0.237,8,0.306,MaxEntropy,66,113,130,Raw
0.808,0.238,18,0.681,Otsu,66,113,110,GMA
0.76,0.24,14,0.528,Otsu,74,113,110,Gamma
0.76,0.24,17.333,0.654,Intermodes,74,113,120,Gamma
1.24,0.24,7.667,0.298,Moments,50,109,110,Raw
1.241,0.241,9.333,0.355,Moments,50,113,130,Gamma
0.759,0.241,10.667,0.404,Moments,66,109,130,Gamma
1.242,0.242,9.333,0.356,Moments,50,109,120,Gamma
1.168,0.242,29.667,1.137,Triangle,58,109,110,Minimum
0.758,0.242,10.667,0.407,Moments,74,109,100,Raw
0.757,0.243,10,0.383,MaxEntropy,74,113,100,Raw
0.756,0.244,12.667,0.477,Otsu,74,113,110,Raw
1.245,0.245,9,0.359,Moments,50,109,110,GMA
1.245,0.245,12.333,0.463,Otsu,58,113,110,Gamma
0.805,0.245,16.667,0.635,Intermodes,74,109,100,Gamma
1.248,0.248,8,0.306,Otsu,50,109,120,Raw
0.82,0.249,13.667,0.516,Moments,74,113,100,Gamma
0.748,0.252,7,0.275,MaxEntropy,50,109,120,GMA
0.748,0.252,7.667,0.298,Intermodes,66,109,100,Raw
0.747,0.253,9.667,0.369,MaxEntropy,66,113,130,Gamma
1.08,0.253,19.667,0.751,Triangle,74,113,120,Raw
1.254,0.254,9.667,0.377,Otsu,58,113,100,Raw
0.745,0.255,7,0.277,Intermodes,50,109,130,GMA
0.745,0.255,7,0.277,Intermodes,50,113,130,GMA
1.256,0.256,9.333,0.37,Otsu,50,109,130,GMA
1.257,0.257,9.333,0.371,Moments,50,113,110,GMA
1.257,0.257,8,0.314,Moments,50,113,120,Raw
1.059,0.262,12.667,0.477,Intermodes,66,109,100,Gamma
0.738,0.262,6.667,0.262,Intermodes,58,109,130,Raw
0.737,0.263,14,0.528,Moments,74,113,110,Gamma
0.737,0.263,34,1.305,Triangle,74,113,120,Minimum
0.967,0.263,20,0.76,Triangle,74,113,130,Raw
0.733,0.267,12,0.454,Moments,74,113,110,Raw
1.268,0.268,9.667,0.382,Moments,50,109,100,GMA
0.732,0.268,7.333,0.291,Intermodes,58,113,100,GMA
0.732,0.268,16,0.61,Intermodes,74,109,110,Gamma
0.731,0.269,7.333,0.292,MaxEntropy,58,113,100,GMA
0.731,0.269,8,0.315,Intermodes,66,113,110,Raw
1.001,0.27,18,0.681,Intermodes,74,113,100,Gamma
0.978,0.275,24.667,0.919,Triangle,74,109,120,Gamma
0.724,0.276,9.667,0.369,MaxEntropy,66,109,120,Gamma
0.721,0.279,15,0.559,Moments,66,109,100,GMA
0.721,0.279,16.333,0.618,Otsu,66,113,120,GMA
0.721,0.279,7.667,0.302,Intermodes,58,109,100,GMA
0.721,0.279,12.333,0.467,Otsu,74,113,120,Raw
0.72,0.28,7.667,0.303,MaxEntropy,50,113,130,GMA
1.281,0.281,12.333,0.464,Otsu,50,113,130,Gamma
1.281,0.281,8.667,0.339,Otsu,50,113,130,Raw
1.281,0.281,15.667,0.606,Triangle,66,109,110,Raw
0.719,0.281,8.333,0.327,Intermodes,66,113,120,Raw
1.282,0.282,10.333,0.396,Moments,50,113,120,Gamma
1.113,0.282,10.667,0.404,Intermodes,58,109,130,Gamma
1.085,0.283,29.333,1.101,Triangle,74,113,130,Gamma
0.717,0.283,8.667,0.329,MaxEntropy,66,109,130,Raw
0.708,0.292,8,0.315,MaxEntropy,50,109,130,GMA
0.708,0.292,8,0.315,MaxEntropy,58,109,100,GMA
1.293,0.293,9,0.351,Moments,50,113,110,Raw
1.294,0.294,10,0.385,Moments,50,109,110,Gamma
0.705,0.295,15.333,0.578,Otsu,66,109,110,GMA
0.705,0.295,10,0.387,MaxEntropy,74,109,100,Raw
1.183,0.299,27,1.005,Triangle,74,109,110,Gamma
1.3,0.3,26.667,1.04,Triangle,50,113,130,Minimum
0.697,0.303,12.333,0.466,Moments,74,113,120,Raw
0.742,0.304,23.667,0.895,Triangle,74,109,130,Gamma
0.696,0.304,9,0.35,Intermodes,66,109,110,Raw
1.305,0.305,12.333,0.466,Otsu,50,109,120,Gamma
0.694,0.306,13,0.494,Otsu,74,109,110,Raw
0.693,0.307,11.667,0.447,MaxEntropy,74,113,100,Gamma
1.308,0.308,18.333,0.704,Triangle,66,113,130,Raw
0.689,0.311,14.667,0.553,Otsu,74,113,120,Gamma
1.315,0.315,11,0.429,Moments,50,113,100,GMA
1.315,0.315,33.333,1.284,Triangle,58,113,110,Minimum
0.684,0.316,8.667,0.339,Intermodes,58,113,110,GMA
0.684,0.316,15.667,0.594,Triangle,74,109,130,Raw
0.681,0.319,15.333,0.587,Moments,66,113,110,GMA
1.174,0.32,11,0.417,Intermodes,58,109,120,Gamma
0.677,0.323,10.333,0.393,MaxEntropy,66,109,130,Gamma
0.675,0.325,11.667,0.442,MaxEntropy,74,113,110,Raw
0.673,0.327,17,0.641,Otsu,66,113,130,GMA
0.673,0.327,9.667,0.373,Intermodes,66,109,120,Raw
0.672,0.328,32.333,1.239,Triangle,74,109,110,Minimum
0.672,0.328,9.667,0.374,Intermodes,66,113,130,Raw
1.329,0.329,9.333,0.362,Otsu,50,113,120,Raw
0.669,0.331,13,0.492,Moments,74,109,100,Gamma
0.669,0.331,13,0.492,Otsu,74,109,100,Gamma
1.331,0.331,10,0.389,Otsu,50,109,110,Raw
1.332,0.332,11.333,0.446,Otsu,50,113,130,GMA
0.667,0.333,9,0.356,Intermodes,58,109,110,GMA
0.666,0.334,9,0.357,MaxEntropy,58,113,110,GMA
1.334,0.334,11,0.425,Moments,50,109,100,Gamma
1.334,0.334,14,0.527,Otsu,58,113,100,Gamma
1.237,0.336,22,0.834,Triangle,74,113,110,Raw
0.663,0.337,29.333,1.126,Triangle,66,109,130,Minimum
0.661,0.339,14,0.525,Moments,74,113,120,Gamma
0.659,0.341,10,0.387,Intermodes,74,113,100,Raw
0.658,0.342,13.333,0.506,Otsu,74,109,120,Raw
1.35,0.35,13.333,0.51,Otsu,50,109,110,Gamma
1.351,0.351,11.333,0.442,Moments,50,113,110,Gamma
0.649,0.351,10.333,0.397,Intermodes,66,109,130,Raw
0.648,0.352,31.667,1.215,Triangle,74,109,120,Minimum
0.647,0.353,31.667,1.214,Triangle,74,113,130,Minimum
0.646,0.354,11.667,0.446,Moments,74,109,110,Raw
1.356,0.356,9.667,0.38,Moments,50,109,100,Raw
0.643,0.357,19,0.717,Otsu,74,113,100,GMA
1.361,0.361,12,0.475,Otsu,50,109,120,GMA
1.182,0.361,16,0.6,Intermodes,66,113,110,Gamma
1.362,0.362,13.667,0.522,Otsu,50,113,120,Gamma
0.634,0.366,12.667,0.482,MaxEntropy,74,113,110,Gamma
0.633,0.367,14,0.528,Moments,74,109,110,Gamma
0.633,0.367,14,0.528,Otsu,74,109,110,Gamma
0.632,0.368,16,0.612,Moments,66,113,120,GMA
0.632,0.368,14,0.531,Otsu,74,113,130,Raw
1.372,0.372,12.333,0.486,Otsu,50,109,110,GMA
0.628,0.372,16,0.607,Otsu,66,109,120,GMA
0.627,0.373,10,0.396,Intermodes,58,113,120,GMA
0.626,0.374,10,0.397,MaxEntropy,58,109,110,GMA
1.375,0.375,32.333,1.249,Triangle,58,109,100,Minimum
0.62,0.38,14.333,0.563,Otsu,50,113,100,Minimum
1.383,0.383,12.667,0.497,Otsu,50,113,120,GMA
1.39,0.39,11,0.423,Otsu,50,113,110,Raw
0.608,0.392,11.333,0.438,Intermodes,74,109,100,Raw
0.607,0.393,18.667,0.712,Intermodes,74,113,130,Gamma
0.605,0.395,12.667,0.487,MaxEntropy,74,113,120,Raw
0.603,0.397,10.667,0.42,Intermodes,58,109,120,GMA
0.601,0.399,10.667,0.422,MaxEntropy,58,113,120,GMA
0.6,0.4,12.333,0.469,MaxEntropy,74,109,110,Raw
1.4,0.4,14,0.548,Triangle,58,109,130,Raw
0.599,0.401,13,0.493,Moments,74,109,120,Raw
1.403,0.403,24.667,0.93,Triangle,74,113,100,Raw
0.595,0.405,17,0.65,Intermodes,74,109,120,Gamma
1.407,0.407,13.333,0.521,Otsu,50,113,110,GMA
0.592,0.408,14.333,0.558,Otsu,50,109,100,Minimum
0.592,0.408,14.333,0.548,Moments,74,113,130,Raw
0.589,0.411,11,0.434,MaxEntropy,58,109,120,GMA
0.585,0.415,11,0.438,Intermodes,58,113,130,GMA
1.42,0.42,10.667,0.42,Moments,50,113,100,Raw
1.421,0.421,11.333,0.446,Otsu,50,109,100,Raw
0.575,0.425,15.333,0.587,Moments,66,109,110,GMA
0.575,0.425,19.333,0.729,Otsu,74,113,110,GMA
0.575,0.425,13.667,0.519,MaxEntropy,74,113,120,Gamma
0.575,0.425,14,0.552,Otsu,50,113,110,Minimum
0.575,0.425,29.667,1.142,Triangle,74,109,130,Minimum
0.573,0.427,12,0.473,Intermodes,74,113,110,Raw
0.571,0.429,12.333,0.475,MaxEntropy,74,109,100,Gamma
0.568,0.432,15.667,0.594,Otsu,66,109,130,GMA
1.309,0.432,14.667,0.552,Intermodes,58,113,130,Gamma
1.168,0.44,36.333,1.357,Triangle,74,109,130,GMA
0.557,0.443,15.333,0.581,Otsu,74,109,120,Gamma
1.445,0.445,27,1.044,Triangle,50,109,120,Minimum
1.445,0.445,18,0.688,Triangle,66,109,100,Raw
1.447,0.447,16,0.608,Otsu,50,109,100,Gamma
0.552,0.448,16,0.611,Moments,66,109,120,GMA
0.552,0.448,18,0.683,Moments,74,113,100,GMA
0.552,0.448,13.333,0.529,Moments,50,113,100,Minimum
0.552,0.448,14,0.552,Otsu,50,109,110,Minimum
1.453,0.453,13,0.509,Otsu,50,109,100,GMA
1.454,0.454,21,0.802,Triangle,66,113,120,Raw
0.545,0.455,12,0.478,Intermodes,58,109,130,GMA
0.543,0.457,13,0.503,MaxEntropy,74,109,120,Raw
0.54,0.46,18.333,0.695,Otsu,74,109,100,GMA
1.461,0.461,13.667,0.527,Moments,50,113,100,Gamma
1.461,0.461,15.667,0.596,Otsu,50,113,110,Gamma
0.539,0.461,14.667,0.553,Otsu,74,109,130,Raw
0.538,0.462,15.667,0.612,Otsu,58,113,100,Minimum
0.537,0.463,16,0.602,Otsu,74,113,130,Gamma
0.536,0.464,12.333,0.487,MaxEntropy,58,113,130,GMA
1.467,0.467,33.333,1.24,Triangle,74,109,100,Gamma
0.529,0.471,13.333,0.528,Moments,50,113,110,Minimum
0.529,0.471,14,0.552,Otsu,50,113,120,Minimum
0.529,0.471,13.333,0.517,MaxEntropy,74,113,130,Raw
0.527,0.473,16,0.611,Moments,66,113,130,GMA
0.526,0.474,15.667,0.591,Moments,74,113,130,Gamma
0.526,0.474,13.333,0.52,Intermodes,74,109,110,Raw
0.526,0.474,12.667,0.497,Intermodes,74,113,120,Raw
0.523,0.477,13.667,0.523,MaxEntropy,74,109,110,Gamma
1.482,0.482,16.333,0.629,Triangle,58,109,120,Raw
1.486,0.486,34.333,1.335,Triangle,58,113,100,Minimum
0.512,0.488,13.667,0.536,Otsu,50,109,120,Minimum
1.423,0.489,16.333,0.616,Intermodes,58,109,110,Gamma
1.393,0.493,19.667,0.74,Intermodes,66,113,100,Gamma
0.506,0.494,19.333,0.729,Otsu,74,113,120,GMA
0.506,0.494,15.333,0.586,Moments,74,109,120,Gamma
1.444,0.494,33.667,1.259,Triangle,74,113,120,Gamma
0.505,0.495,13.333,0.529,Moments,50,109,100,Minimum
0.504,0.496,16,0.611,Moments,66,109,130,GMA
0.495,0.505,13.333,0.528,MaxEntropy,58,109,130,GMA
0.494,0.506,16,0.623,Otsu,58,109,100,Minimum
0.493,0.507,19,0.717,Otsu,74,109,110,GMA
0.492,0.508,17.667,0.67,Moments,74,109,100,GMA
0.492,0.508,17.667,0.67,Moments,74,113,110,GMA
0.488,0.512,13,0.512,Moments,50,109,110,Minimum
0.488,0.512,14,0.535,Moments,74,109,130,Raw
0.483,0.517,14.333,0.563,MaxEntropy,66,113,100,GMA
1.519,0.519,13.333,0.519,Otsu,50,113,100,Raw
0.478,0.522,14,0.546,Intermodes,74,113,130,Raw
0.469,0.531,19,0.716,Otsu,74,113,130,GMA
0.465,0.535,15,0.583,Otsu,50,113,130,Minimum
0.463,0.537,14.333,0.56,Intermodes,74,109,120,Raw
1.539,0.539,15.333,0.595,Otsu,50,113,100,GMA
0.46,0.54,14.333,0.563,Intermodes,66,113,100,GMA
0.459,0.541,15.667,0.612,Moments,58,113,100,Minimum
0.458,0.542,18.667,0.705,Moments,74,113,120,GMA
0.453,0.547,14.667,0.57,Otsu,50,109,130,Minimum
1.329,0.551,39,1.461,Triangle,74,109,120,GMA
1.484,0.551,18.667,0.703,Intermodes,58,113,120,Gamma
0.448,0.552,14.667,0.575,MaxEntropy,66,109,100,GMA
0.448,0.552,14.667,0.575,Intermodes,66,109,100,GMA
0.447,0.553,15,0.576,MaxEntropy,74,109,120,Gamma
0.44,0.56,17.667,0.683,Intermodes,74,109,130,Gamma
0.44,0.56,15,0.583,Moments,50,113,120,Minimum
0.44,0.56,15,0.583,Moments,50,113,130,Minimum
0.436,0.564,15,0.587,Intermodes,66,113,110,GMA
0.435,0.565,18.667,0.705,Otsu,74,109,120,GMA
1.565,0.565,30,1.164,Triangle,50,113,120,Minimum
1.565,0.565,22.667,0.866,Triangle,66,113,110,Raw
0.429,0.571,14.667,0.571,Moments,50,109,120,Minimum
0.428,0.572,18,0.687,Otsu,74,109,130,Gamma
0.425,0.575,17.333,0.669,Otsu,58,113,110,Minimum
0.424,0.576,15.333,0.599,MaxEntropy,66,113,110,GMA
0.422,0.578,18.333,0.693,Moments,74,109,110,GMA
0.422,0.578,15.667,0.601,MaxEntropy,74,113,130,Gamma
1.581,0.581,30.667,1.129,Triangle,66,109,130,Gamma
0.419,0.581,15,0.581,MaxEntropy,74,109,130,Raw
1.582,0.582,19,0.718,Otsu,50,113,100,Gamma
0.417,0.583,17.667,0.675,Moments,74,109,130,Gamma
0.417,0.583,15,0.583,Moments,50,109,130,Minimum
0.413,0.587,17,0.658,Otsu,58,109,110,Minimum
0.411,0.589,15.667,0.612,Moments,58,109,100,Minimum
0.408,0.592,15.667,0.615,Intermodes,66,109,110,GMA
0.402,0.598,17.333,0.669,Otsu,58,109,120,Minimum
0.402,0.598,17.333,0.669,Otsu,58,113,120,Minimum
0.402,0.598,17.333,0.669,Otsu,58,113,130,Minimum
0.401,0.599,16.667,0.645,Moments,58,113,110,Minimum
0.399,0.601,18.333,0.693,Moments,74,109,120,GMA
0.399,0.601,18.333,0.693,Otsu,74,109,130,GMA
0.397,0.603,16,0.626,MaxEntropy,50,109,100,Minimum
0.397,0.603,16,0.626,MaxEntropy,50,113,100,Minimum
0.396,0.604,16,0.627,MaxEntropy,66,109,110,GMA
0.394,0.606,18.333,0.698,Moments,74,113,130,GMA
0.391,0.609,15.667,0.609,Intermodes,74,109,130,Raw
0.389,0.611,16.333,0.634,Intermodes,66,113,120,GMA
0.389,0.611,17,0.657,Otsu,58,109,130,Minimum
0.388,0.612,16.333,0.635,MaxEntropy,66,113,120,GMA
1.619,0.619,30.333,1.16,Triangle,50,109,110,Minimum
0.377,0.623,16.667,0.646,Moments,58,109,110,Minimum
0.377,0.623,17.333,0.669,Moments,58,113,120,Minimum
1.625,0.625,19.333,0.747,Triangle,58,113,130,Raw
1.532,0.631,38.333,1.452,Triangle,66,109,130,GMA
0.366,0.634,17,0.657,Intermodes,66,113,130,GMA
0.365,0.635,17,0.658,Moments,58,109,120,Minimum
0.356,0.644,17,0.667,Intermodes,66,109,120,GMA
0.354,0.646,18.667,0.715,Moments,74,109,130,GMA
0.349,0.651,17.333,0.674,MaxEntropy,66,113,130,GMA
0.345,0.655,17.333,0.678,MaxEntropy,50,109,110,Minimum
0.345,0.655,17.333,0.678,MaxEntropy,50,113,110,Minimum
0.343,0.657,17.333,0.68,MaxEntropy,66,109,120,GMA
0.342,0.658,17.667,0.681,Moments,58,113,130,Minimum
1.662,0.662,20.333,0.784,Triangle,58,109,110,Raw
0.333,0.667,17.667,0.69,MaxEntropy,50,113,120,Minimum
0.33,0.67,17.333,0.67,MaxEntropy,74,109,130,Gamma
1.5,0.673,42.667,1.608,Triangle,74,113,130,GMA
0.326,0.674,18,0.697,MaxEntropy,74,113,100,GMA
0.326,0.674,18,0.697,Intermodes,74,113,100,GMA
0.326,0.674,18,0.697,Moments,58,109,130,Minimum
0.326,0.674,20.667,0.791,Otsu,66,113,100,Minimum
0.321,0.679,18,0.702,MaxEntropy,58,109,100,Minimum
0.321,0.679,18,0.702,MaxEntropy,58,113,100,Minimum
1.682,0.682,38,1.425,Triangle,74,113,110,Gamma
0.314,0.686,20.333,0.779,Otsu,66,109,100,Minimum
0.309,0.691,18.333,0.714,MaxEntropy,74,113,110,GMA
0.309,0.691,18.333,0.714,Intermodes,74,109,100,GMA
0.309,0.691,18.333,0.714,Intermodes,74,113,110,GMA
0.305,0.695,18.333,0.718,MaxEntropy,50,109,120,Minimum
0.304,0.696,18.333,0.719,MaxEntropy,50,113,130,Minimum
0.298,0.702,18.667,0.725,Intermodes,74,113,120,GMA
1.702,0.702,24.667,0.945,Triangle,66,113,100,Raw
1.581,0.705,44,1.666,Triangle,74,109,110,GMA
0.292,0.708,18.667,0.731,MaxEntropy,74,109,100,GMA
0.291,0.709,18.667,0.732,MaxEntropy,66,109,130,GMA
0.291,0.709,20.333,0.779,Moments,66,113,100,Minimum
0.285,0.715,19,0.738,MaxEntropy,74,113,120,GMA
0.28,0.72,19,0.743,Intermodes,66,109,130,GMA
0.28,0.72,19,0.743,MaxEntropy,50,109,130,Minimum
0.279,0.721,20.667,0.792,Otsu,66,109,110,Minimum
0.279,0.721,20.667,0.792,Otsu,66,113,110,Minimum
1.656,0.723,22.667,0.85,Intermodes,58,109,100,Gamma
0.274,0.726,19.333,0.749,Intermodes,74,113,130,GMA
0.269,0.731,19.333,0.754,MaxEntropy,74,109,110,GMA
0.269,0.731,19.333,0.754,Intermodes,74,109,110,GMA
0.269,0.731,19.333,0.754,MaxEntropy,58,109,110,Minimum
0.269,0.731,19.333,0.754,MaxEntropy,58,113,110,Minimum
0.269,0.731,19.333,0.754,MaxEntropy,58,113,120,Minimum
0.267,0.733,21,0.803,Otsu,66,113,120,Minimum
1.734,0.734,33,1.275,Triangle,50,113,110,Minimum
0.261,0.739,19.667,0.762,MaxEntropy,74,113,130,GMA
0.254,0.746,20.667,0.792,Moments,66,113,110,Minimum
1.747,0.747,34.333,1.272,Triangle,66,109,120,Gamma
0.251,0.749,21.333,0.82,Otsu,66,109,120,Minimum
0.251,0.749,21.333,0.82,Otsu,66,113,130,Minimum
1.749,0.749,32.333,1.241,Triangle,50,109,100,Minimum
0.246,0.754,19.333,0.754,Intermodes,74,109,120,GMA
0.243,0.757,20.333,0.78,Moments,66,109,100,Minimum
0.243,0.757,20.333,0.78,Moments,66,109,110,Minimum
0.243,0.757,21,0.803,Moments,66,113,120,Minimum
0.241,0.759,20,0.782,MaxEntropy,58,109,120,Minimum
0.241,0.759,20,0.782,MaxEntropy,58,113,130,Minimum
0.24,0.76,19.333,0.76,Intermodes,50,109,100,Minimum
0.24,0.76,19.333,0.76,Intermodes,50,113,100,Minimum
0.238,0.762,21,0.808,Otsu,66,109,130,Minimum
0.234,0.766,22.333,0.86,Otsu,74,113,100,Minimum
0.229,0.771,20.333,0.794,MaxEntropy,58,109,130,Minimum
0.229,0.771,19.667,0.771,Intermodes,50,109,110,Minimum
0.229,0.771,19.667,0.771,Intermodes,50,113,110,Minimum
1.707,0.773,24,0.9,Intermodes,58,113,110,Gamma
1.775,0.775,23.333,0.897,Triangle,58,113,120,Raw
0.223,0.777,22,0.848,Moments,74,113,100,Minimum
0.223,0.777,22,0.848,Otsu,74,109,100,Minimum
0.223,0.777,22,0.848,Otsu,74,113,110,Minimum
0.221,0.779,20,0.779,MaxEntropy,74,109,120,GMA
0.217,0.783,20,0.783,Intermodes,50,109,120,Minimum
0.217,0.783,20,0.783,Intermodes,50,109,130,Minimum
0.217,0.783,20,0.783,Intermodes,50,113,120,Minimum
0.217,0.783,20,0.783,Intermodes,50,113,130,Minimum
0.217,0.783,20,0.783,Intermodes,58,109,100,Minimum
0.217,0.783,20,0.783,Intermodes,58,109,110,Minimum
0.217,0.783,20,0.783,Intermodes,58,113,100,Minimum
0.217,0.783,20,0.783,Intermodes,58,113,110,Minimum
0.215,0.785,21,0.808,Moments,66,109,120,Minimum
0.21,0.79,20.333,0.79,Intermodes,74,109,130,GMA
1.791,0.791,43.667,1.664,Triangle,66,109,120,GMA
0.209,0.791,21,0.814,MaxEntropy,66,109,100,Minimum
0.209,0.791,21,0.814,MaxEntropy,66,113,100,Minimum
0.206,0.794,22.333,0.865,Otsu,74,109,110,Minimum
0.206,0.794,22.333,0.865,Otsu,74,113,120,Minimum
0.206,0.794,22.333,0.865,Otsu,74,113,130,Minimum
0.205,0.795,20.333,0.795,Intermodes,58,109,120,Minimum
0.205,0.795,20.333,0.795,Intermodes,58,109,130,Minimum
0.205,0.795,20.333,0.795,Intermodes,58,113,120,Minimum
0.205,0.795,20.333,0.795,Intermodes,58,113,130,Minimum
0.198,0.802,21.333,0.825,MaxEntropy,66,113,110,Minimum
0.198,0.802,21.333,0.825,Moments,66,109,130,Minimum
0.198,0.802,21.333,0.825,Moments,66,113,130,Minimum
0.194,0.806,22.667,0.877,Otsu,74,109,120,Minimum
0.186,0.814,21,0.814,MaxEntropy,74,109,130,GMA
0.181,0.819,21.667,0.842,MaxEntropy,66,109,110,Minimum
0.181,0.819,22.333,0.865,Moments,74,113,110,Minimum
1.82,0.82,34,1.312,Triangle,50,113,100,Minimum
1.823,0.823,24.333,0.946,Triangle,58,109,100,Raw
1.802,0.827,48.667,1.841,Triangle,74,109,100,GMA
0.17,0.83,22,0.853,Moments,74,109,100,Minimum
0.17,0.83,22,0.853,Moments,74,109,110,Minimum
0.17,0.83,22,0.853,Moments,74,109,120,Minimum
0.17,0.83,22,0.853,Moments,74,109,130,Minimum
0.17,0.83,22,0.853,Moments,74,113,120,Minimum
0.17,0.83,22,0.853,Moments,74,113,130,Minimum
0.17,0.83,22,0.853,Otsu,74,109,130,Minimum
0.165,0.835,22,0.858,MaxEntropy,66,113,120,Minimum
1.814,0.838,45.667,1.734,Triangle,66,113,130,GMA
0.153,0.847,22.333,0.87,MaxEntropy,66,109,120,Minimum
0.153,0.847,22.333,0.87,MaxEntropy,74,109,100,Minimum
0.153,0.847,22.333,0.87,MaxEntropy,74,113,100,Minimum
0.153,0.847,22.333,0.87,MaxEntropy,74,113,110,Minimum
0.153,0.847,22.333,0.87,MaxEntropy,74,113,120,Minimum
1.706,0.854,47.333,1.79,Triangle,74,113,120,GMA
0.142,0.858,22.667,0.881,MaxEntropy,66,113,130,Minimum
0.142,0.858,22.667,0.881,MaxEntropy,74,109,110,Minimum
0.142,0.858,22.667,0.881,MaxEntropy,74,113,130,Minimum
0.129,0.871,23,0.894,MaxEntropy,66,109,130,Minimum
0.129,0.871,23,0.894,MaxEntropy,74,109,120,Minimum
0.129,0.871,23,0.894,MaxEntropy,74,109,130,Minimum
0.129,0.871,22.333,0.871,Intermodes,66,109,100,Minimum
0.129,0.871,22.333,0.871,Intermodes,66,113,100,Minimum
0.118,0.882,22.667,0.882,Intermodes,66,109,110,Minimum
0.118,0.882,22.667,0.882,Intermodes,66,109,120,Minimum
0.118,0.882,22.667,0.882,Intermodes,66,109,130,Minimum
0.118,0.882,22.667,0.882,Intermodes,66,113,110,Minimum
0.118,0.882,22.667,0.882,Intermodes,66,113,120,Minimum
0.118,0.882,22.667,0.882,Intermodes,66,113,130,Minimum
0.118,0.882,22.667,0.882,Intermodes,74,109,100,Minimum
0.118,0.882,22.667,0.882,Intermodes,74,109,110,Minimum
0.118,0.882,22.667,0.882,Intermodes,74,109,120,Minimum
0.118,0.882,22.667,0.882,Intermodes,74,113,100,Minimum
0.118,0.882,22.667,0.882,Intermodes,74,113,110,Minimum
0.118,0.882,22.667,0.882,Intermodes,74,113,120,Minimum
0.101,0.899,23,0.899,Intermodes,74,109,130,Minimum
0.101,0.899,23,0.899,Intermodes,74,113,130,Minimum
1.902,0.902,25,0.971,Triangle,50,109,130,Raw
1.909,0.909,51,1.946,Triangle,74,113,110,GMA
1.895,0.929,29,1.089,Intermodes,58,113,100,Gamma
1.966,0.966,28,1.089,Triangle,58,113,110,Raw
1.972,0.972,39.333,1.497,Triangle,66,113,130,Gamma
2.071,1.071,48.333,1.845,Triangle,66,109,110,GMA
2.074,1.074,30.667,1.197,Triangle,58,113,100,Raw
2.08,1.114,32,1.195,Intermodes,50,109,130,Gamma
2.115,1.115,46.333,1.762,Triangle,74,113,100,Gamma
2.145,1.145,51.333,1.968,Triangle,66,113,120,GMA
2.153,1.153,43,1.62,Triangle,66,109,110,Gamma
2.156,1.156,31.667,1.225,Triangle,50,109,120,Raw
2.207,1.207,33,1.276,Triangle,50,113,130,Raw
2.244,1.244,35.667,1.333,Intermodes,50,109,120,Gamma
2.253,1.253,34.333,1.323,Triangle,50,109,110,Raw
2.261,1.261,45.667,1.738,Triangle,66,113,120,Gamma
2.289,1.289,59.667,2.28,Triangle,74,113,100,GMA
2.305,1.305,35.667,1.374,Triangle,50,113,120,Raw
2.387,1.421,39.667,1.477,Intermodes,50,113,130,Gamma
2.437,1.437,46,1.752,Triangle,58,109,130,GMA
2.459,1.459,49,1.854,Triangle,66,109,100,Gamma
2.49,1.49,42.333,1.58,Intermodes,50,109,110,Gamma
2.504,1.504,54.667,2.1,Triangle,66,109,100,GMA
2.523,1.523,41,1.592,Triangle,50,113,110,Raw
2.531,1.531,41.667,1.6,Triangle,50,109,100,Raw
2.601,1.601,60.667,2.327,Triangle,66,113,110,GMA
2.614,1.614,45.667,1.704,Intermodes,50,113,120,Gamma
2.632,1.632,53.333,2.027,Triangle,66,113,110,Gamma
2.697,1.697,53,2.013,Triangle,58,109,120,GMA
2.722,1.722,52.667,2.012,Triangle,58,113,130,GMA
2.766,1.766,49.667,1.856,Intermodes,50,109,100,Gamma
2.787,1.787,50.333,1.876,Intermodes,50,113,110,Gamma
2.856,1.856,49.667,1.925,Triangle,50,113,100,Raw
2.939,1.939,59.667,2.207,Triangle,58,109,130,Gamma
2.96,1.96,66.333,2.556,Triangle,66,113,100,GMA
3.08,2.08,61.667,2.346,Triangle,58,109,110,GMA
3.104,2.104,64.333,2.451,Triangle,66,113,100,Gamma
3.109,2.109,62.667,2.399,Triangle,58,113,120,GMA
3.139,2.139,59.667,2.229,Intermodes,50,113,100,Gamma
3.216,2.216,65.667,2.437,Triangle,58,109,120,Gamma
3.412,2.412,70.333,2.632,Triangle,58,113,130,Gamma
3.46,2.46,71.333,2.726,Triangle,58,113,110,GMA
3.555,2.555,73.667,2.796,Triangle,58,109,100,GMA
3.849,2.849,81.333,3.045,Triangle,58,113,120,Gamma
3.886,2.886,82,3.056,Triangle,58,109,110,Gamma
3.941,2.941,83,3.182,Triangle,58,113,100,GMA
4.319,3.319,90.667,3.375,Triangle,50,109,130,GMA
4.491,3.491,97.333,3.662,Triangle,58,113,110,Gamma
4.5,3.5,95.333,3.557,Triangle,50,113,130,GMA
4.66,3.66,102.667,3.831,Triangle,58,109,100,Gamma
4.743,3.743,102,3.8,Triangle,50,109,120,GMA
5,4,108.333,4.057,Triangle,50,113,120,GMA
5.224,4.224,115,4.28,Triangle,50,109,110,GMA
5.263,4.263,117,4.434,Triangle,58,113,100,Gamma
5.442,4.442,120.333,4.499,Triangle,50,113,110,GMA
5.708,4.708,132.667,4.925,Triangle,50,109,130,Gamma
5.792,4.792,129.667,4.814,Triangle,50,109,100,GMA
5.976,4.976,134,4.999,Triangle,50,113,100,GMA
6.184,5.184,144.667,5.376,Triangle,50,109,120,Gamma
6.205,5.205,144.333,5.397,Triangle,50,113,130,Gamma
6.879,5.879,161.667,6.071,Triangle,50,113,120,Gamma
7.007,6.007,166.667,6.198,Triangle,50,109,110,Gamma
7.656,6.656,182.667,6.848,Triangle,50,113,110,Gamma
7.88,6.88,189.667,7.071,Triangle,50,109,100,Gamma
8.56,7.56,206.333,7.752,Triangle,50,113,100,Gamma
